{
"submission_name": "Auto-Test QA CSMC-",
"due_date": 2010335400000 ,
"instructions": "",
"source_locale": "en-US",
"target_locale": ["de-DE","fr-FR"],
"config" : {"is_select_only_new_files": false},
"tasks_list": [
       {
       
      "cd_connector_node_type": "ExactTargetNode",
      "createdDate": "2019-02-19T02:54:36.823-06:00",
      "modifiedDate": "2019-02-19T06:59:05.647-06:00",
      "description": null,
      "title": "105",
      "parentId": 99307,
      "assetType": "Text Block",
      "node_id": "22473",
      "name": "105",
      "is_parent": 0,
      "node_type": "Text Block",
      "sequence_number": 2,
      "is_translatable": true,
      "filename": "105",
      "pd_classifier": "GC_SFMC",
      "node_type_icon": ""
    },
    {
      "cd_connector_node_type": "ExactTargetNode",
      "createdDate": "2019-02-18T02:49:09.123-06:00",
      "modifiedDate": "2019-03-15T02:52:02.07-06:00",
      "description": null,
      "title": "Dynamic page KT",
      "parentId": 99307,
      "assetType": "Dynamic Block",
      "node_id": "22415",
      "name": "Dynamic page KT",
      "is_parent": 0,
      "node_type": "Dynamic Block",
      "sequence_number": 2,
      "is_translatable": true,
      "filename": "Dynamic page KT",
      "pd_classifier": "GC_SFMC",
      "node_type_icon": ""
    },
    {
      "cd_connector_node_type": "ExactTargetNode",
      "createdDate": "2019-02-25T03:18:10.31-06:00",
      "modifiedDate": "2019-02-25T03:18:10.31-06:00",
      "description": null,
      "title": "FireFox code snippet",
      "parentId": 99307,
      "assetType": "Code Snippet Block",
      "node_id": "28366",
      "name": "FireFox code snippet",
      "is_parent": 0,
      "node_type": "Code Snippet Block",
      "sequence_number": 2,
      "is_translatable": true,
      "filename": "FireFox code snippet",
      "pd_classifier": "GC_SFMC",
      "node_type_icon": ""
    },
    {
      "cd_connector_node_type": "ExactTargetNode",
      "createdDate": "2019-02-25T03:47:08.62-06:00",
      "modifiedDate": "2019-02-25T03:47:08.62-06:00",
      "description": null,
      "title": "FireFox free form QA",
      "parentId": 99307,
      "assetType": "Free Form Block",
      "node_id": "28371",
      "name": "FireFox free form QA",
      "is_parent": 0,
      "node_type": "Free Form Block",
      "sequence_number": 2,
      "is_translatable": true,
      "filename": "FireFox free form QA",
      "pd_classifier": "GC_SFMC",
      "node_type_icon": ""
    },
    {
      "cd_connector_node_type": "ExactTargetNode",
      "createdDate": "2019-02-25T03:36:24.36-06:00",
      "modifiedDate": "2019-03-04T01:49:21.897-06:00",
      "description": null,
      "title": "Firefox HTML",
      "parentId": 99307,
      "assetType": "HTML Block",
      "node_id": "28368",
      "name": "Firefox HTML",
      "is_parent": 0,
      "node_type": "HTML Block",
      "sequence_number": 2,
      "is_translatable": true,
      "filename": "Firefox HTML",
      "pd_classifier": "GC_SFMC",
      "node_type_icon": ""
    }
    ]
}