{
"submission_name": "Auto -Test QA ZENDESK-",
"due_date": 2010335400000 ,
"instructions": "",
"source_locale": "en-us",
"target_locale": ["de","fr"],
"config" : {"is_select_only_new_files": false},
"tasks_list": [
{
      "cd_connector_node_type": "ZendeskNode",
      "parentId": 360001071097,
      "url": "https://translationscom.zendesk.com/api/v2/help_center/en-us/articles/360004051837-Automation-Article-03.json",
      "htmlURL": "https://translationscom.zendesk.com/hc/en-us/articles/360004051837-Automation-Article-03",
      "locale": "en-us",
      "sourceLocale": "en-us",
      "createdAt": 1575354242000,
      "updatedAt": 1575354247000,
      "editeddAt": 1575354247000,
      "draft": false,
      "node_id": "360004051837",
      "name": "<svg height=\"8\" width=\"8\" viewBox=\"0 0 8 8\"><circle style=\"fill:#16ba52\" cx=\"4\" cy=\"4\" r=\"4\"></circle></svg>&nbsp;&nbsp;Automation Article 03",
      "is_parent": 0,
      "node_type": "Article",
      "sequence_number": 3,
      "is_translatable": true,
      "public_preview_url": "https://translationscom.zendesk.com/hc/en-us/articles/360004051837",
      "title": "<a target=\"_blank\" href=\"https://translationscom.zendesk.com/hc/en-us/articles/360004051837-Automation-Article-03\">Automation Article 03</a>",
      "filename": "Automation Article 03.xml",
      "pd_classifier": "GC_ZEN",
      "node_type_icon": ""
    },
{
"cd_connector_node_type": "ZendeskNode",
"parentId": 360000545298,
"url": "https://translationscom.zendesk.com/api/v2/help_center/en-us/sections/360001071097-Automation-Section.json",
"htmlURL": "https://translationscom.zendesk.com/hc/en-us/sections/360001071097-Automation-Section",
"locale": "en-us",
"sourceLocale": "en-us",
"createdAt": 1574136666000,
"updatedAt": 1574136998000,
"editeddAt": 0,
"draft": false,
"node_id": "360001071097",
"name": "Automation Section",
"is_parent": 0,
"node_type": "Section",
"sequence_number": 2,
"is_translatable": true,
"title": "Automation Section",
"filename": "Automation Section.xml",
"pd_classifier": "GC_ZEN",
"node_type_icon": "",
"noChild": false
}
]
}