{
"submission_name": "Auto-Test QA DMW-",
"due_date": 2010335400000 ,
"instructions": "",
"source_locale": "default",
"target_locale": ["de-DE", "fr-FR"],
"config" : {"is_select_only_new_files": false},
"tasks_list": [
{
      "_type": "category",
      "id": "1999904",
      "catalog_id": "apparel-catalog",
      "category_id": "1999904",
      "node_id": "1999904",
      "name": "Automation QA.xml",
      "path": "https://translations03-tech-prtnr-na04-dw.demandware.net/s/-/dw/data/v19_10/catalogs/apparel-catalog/categories/1999904",
      "node_type": "category",
      "node_type_icon": "https://connect-qa.translations.com/assets/Demandware/category.png",
      "is_parent": 0,
      "sequence_number": 1,
      "is_translatable": true,
      "remote_search_enabled": true,
      "filename": "Automation QA.xml",
      "pd_classifier": "DMW_XML_Review",
      "noChild": false
    },
{
      "_type": "category_product_assignment",
      "id": "1999905",
      "catalog_id": "apparel-catalog",
      "category_id": "1999904",
      "node_id": "1999905",
      "name": "Automation Product One.xml",
      "path": "https://translations03-tech-prtnr-na04-dw.demandware.net/s/-/dw/data/v19_10/catalogs/apparel-catalog/categories/1999904/products/1999905",
      "node_type": "product",
      "node_type_icon": "https://connect-qa.translations.com/assets/Demandware/product.png",
      "is_parent": 0,
      "sequence_number": 2,
      "is_translatable": true,
      "public_preview_url": "https://translations03-tech-prtnr-na04-dw.demandware.net/on/demandware.store/Sites-SiteGenesis-Site/default/Product-Show?pid=1999905",
      "site_id": "SiteGenesis",
      "remote_search_enabled": false,
      "filename": "Automation Product One.xml",
      "pd_classifier": "DMW_XML_Review"
    },
       {
      "_type": "content_folder",
      "id": "1999906",
      "node_id": "1999906",
      "name": "Automation QA.xml",
      "node_type": "content_folder",
      "node_type_icon": "https://connect-qa.translations.com/assets/Demandware/product.png",
      "is_parent": 0,
      "sequence_number": 1,
      "is_translatable": true,
      "library_id": "SiteGenesisSharedLibrary",
      "folder_id": "1999906",
      "remote_search_enabled": true,
      "filename": "Automation QA.xml",
      "pd_classifier": "DMW_XML_Review",
      "noChild": false
    },
{
      "_type": "content_asset",
      "id": "autoAsset",
      "node_id": "autoAsset",
      "name": "Automation Asset.xml",
      "node_type": "content_asset",
      "node_type_icon": "https://connect-qa.translations.com/assets/Demandware/product.png",
      "is_parent": 0,
      "sequence_number": 2,
      "is_translatable": true,
      "library_id": "SiteGenesisSharedLibrary",
      "asset_id": "autoAsset",
      "public_preview_url": "https://translations03-tech-prtnr-na04-dw.demandware.net/on/demandware.store/Sites-SiteGenesis-Site/default/Page-Show?cid=autoAsset",
      "remote_search_enabled": false,
      "filename": "Automation Asset.xml",
      "pd_classifier": "DMW_XML_Review"
    }
       ]
}