<?xml version="1.0" encoding="UTF-8"?>
<!DOCTYPE suite SYSTEM "https://testng.org/testng-1.0.dtd">
<suite name="Suite">
  
  <listeners>
		<listener class-name="BaseClass.TestListener" />
	</listeners>
  
 


	<test name="ZENDESK">

		<parameter name="Zendesk_connector_key"	value="404e126f367fef05ba570e7ffbeaa3bb" />
		<parameter name="Zendesk_json_path" value="C:\\Connector" />

		<classes>
			<class name="com.gcc.connector.Sanity.ZENDESK" />
		</classes>

	</test>
  
 
 
</suite> <!-- Suite -->
